iter	RMSE
0	78006.42153
1	77533.73188
